44;276807034;2021-04-07 17:06:21.000;1;HR1;;;"001       ";"          ";ogrmphn42b
44;277030400;2021-04-27 12:11:09.000;3;HRC;;;"001       ";okbyyetgpv;aitc2f83py
44;277090514;2021-05-17 10:21:12.000;1;HR1;;;"001       ";pvvkmfnvqz;ccnfyh94vo
44;278770207;2021-04-28 12:40:48.000;1;HR1;;;"001       ";vcforvhnmp;vrm4lt7bjb
44;278937506;2021-04-20 17:53:32.000;2;ERM;erm3zs02;ip_32;"          ";"          ";u12bhqk68k
44;278956991;2021-04-19 12:14:05.000;1;HR1;;;"001       ";"          ";acso0scz3m
44;279808474;2021-05-04 16:23:47.000;1;HR1;;;"001       ";"          ";el3gvau9rg
44;280355176;2021-04-06 15:33:48.000;1;HR1;;;"001       ";"          ";aea036p9wy
44;281395238;2021-04-07 11:51:20.000;1;HR1;;;"001       ";"          ";bpktexpvoo
44;281501945;2021-05-10 11:11:57.000;3;ERM;erm3zs02;ip_32;"001       ";ijlypibebc;nksdt7owqj
44;282310208;2021-04-19 14:35:39.000;3;ERM;erm3zs02;ip_32;"001       ";bxzeuehlpa;xb4pfu28kv
44;282739273;2021-05-10 14:44:23.000;1;ERM;erm3zs02;ip_32;"001       ";ijqzdzrgbi;i68xyp0q9u
44;282863033;2021-04-01 08:35:05.000;1;ERM;erm3zs02;ip_32;"001       ";kwzzifioeh;u5q6x0sbbg
44;283504811;2021-04-15 15:59:10.000;1;HR1;;;"001       ";"          ";mdiwb7zmd9
44;284641100;2021-05-20 15:36:47.000;3;ERM;erm3zs02;ip_32;"001       ";lbceaqvnlt;o1k5h4tl1b
44;286219352;2021-04-28 11:38:35.000;1;HR1;;;"001       ";ovudxbgmkb;a5n0p42h3r
44;286671954;2021-04-23 13:51:52.000;1;ERM;erm3zs02;ip_32;"001       ";ojcymzyzzu;jikdwawlkj
44;288038679;2021-05-27 14:36:12.000;1;HR1;;;"001       ";jjsrexuxcb;w116bs9shc
44;289102757;2021-04-09 10:31:28.000;1;ERM;erm3zs02;ip_32;"001       ";nvakhzpjol;e6ix22new5
44;289897862;2021-04-14 15:51:16.000;1;HR1;;;"001       ";jpkkfamums;yzm7r15atv
44;292416713;2021-04-28 12:46:18.000;3;ERM;erm3zs02;ip_32;"001       ";eqcuhsglky;t0ssybhlbp
44;296316447;2021-05-13 14:44:48.000;1;HR1;;;"001       ";ssuppxlshn;krpmeysise
44;298800334;2021-06-08 16:24:50.000;3;HR1;;;"001       ";texyvcmnqf;i4balhxx5v
44;301953001;2021-06-21 16:16:42.000;1;HR1;;;"001       ";olqiojmkiq;mqzdze21yx
44;303377923;2021-06-07 13:58:41.000;1;HR1;;;"001       ";"          ";pyonsho8ki
44;305318435;2021-06-07 11:32:40.000;1;HR1;;;"001       ";"          ";kqmzc46yhc
44;306483708;2021-05-12 16:21:39.000;1;HR1;;;"001       ";"          ";rhbfbkrt94
44;307904732;2021-04-07 12:10:40.000;1;HR1;;;"001       ";"          ";a0fuzsc29f
44;309045551;2021-06-04 10:05:05.000;1;HR1;;;"001       ";"          ";ki93uzti56
44;309939086;2021-04-28 12:11:08.000;3;ERM;erm3zs02;ip_32;"001       ";hvgcbgqdhn;qeuahcuns1
44;310308928;2021-05-25 11:14:31.000;1;ERM;erm3zs02;ip_32;"001       ";efeelqpkec;yjcj27ako0
44;310709820;2021-04-29 12:03:30.000;1;HR1;;;"001       ";jrvdhszvqz;gbw3e6zxw8
44;311640519;2021-05-26 13:38:40.000;1;HR1;;;"001       ";"          ";m3sw5ur97x
44;312536556;2021-04-08 12:01:30.000;1;HR1;;;"001       ";"          ";rcn8xjxnij
44;313286485;2021-05-04 09:48:08.000;1;HR1;;;"001       ";"          ";wxtt2n1kso
44;314808510;2021-05-06 11:21:59.000;1;HR1;;;"001       ";"          ";e3rl5cfyxj
44;315643423;2021-04-19 14:22:04.000;1;ERM;erm3zs02;ip_32;"001       ";bxzeuehlpa;wvmqtmkwm6
44;315849553;2021-04-06 08:03:47.000;1;HR1;;;"001       ";"          ";qlj9wpq58x
44;317863837;2021-05-24 08:58:58.000;1;HR1;;;"001       ";"          ";ezqf84udrj
44;320257422;2021-05-13 14:53:00.000;3;ERM;erm3zs02;ip_32;"001       ";ipjihxscyc;eiofv3i90f
44;320754441;2021-06-07 13:50:20.000;1;HR1;;;"001       ";"          ";ki24wzgvy3
44;321248200;2021-06-10 13:53:53.000;1;ERM;erm3zs02;ip_32;"001       ";vshavicbir;lk6e85cu2s
44;321913192;2021-04-08 10:35:02.000;1;HR1;;;"001       ";uspncxlopj;cp8vruz0uu
44;321941007;2021-04-07 11:15:40.000;1;HR1;;;"001       ";"          ";azjl9ex8hm
44;323958272;2021-06-15 11:55:56.000;1;ERM;erm3zs02;ip_32;"001       ";cudktmhibk;brdqoq7ium
44;324299481;2021-04-08 11:07:50.000;1;HR1;;;"001       ";"          ";jt5rxdiytv
44;324343617;2021-06-10 13:45:22.000;3;ERM;erm3zs02;ip_32;"001       ";yvygzhkciy;fyxgr1djw1
44;324669220;2021-04-26 11:05:08.000;3;ERM;erm3zs02;ip_32;"001       ";csybngvxxx;c06dd5fsll
44;327483859;2021-04-06 08:01:29.000;1;HR1;;;"001       ";hixgburtnq;wywyff1t1z
44;327874665;2021-05-05 09:33:38.000;1;ERM;erm3zs02;ip_32;"001       ";sgcdhvsvba;e5q5qc4dsk
44;328234057;2021-06-07 09:22:24.000;1;ERM;erm3zs02;ip_32;"001       ";oxjmbjenqv;tel072zxbw
44;329068040;2021-05-05 17:35:20.000;1;HR1;;;"001       ";"          ";z6zmiox7sp
44;333585152;2021-06-10 12:22:33.000;1;ERM;erm3zs02;ip_32;"001       ";vatdocafbn;rgref4od3w
44;333647331;2021-04-08 11:09:31.000;1;HR1;;;"001       ";"          ";w1l8mnyw95
44;336215611;2021-05-21 14:06:54.000;3;ERM;erm3zs02;ip_32;"001       ";qjbazyviwc;ypc4xknwz4
44;336396839;2021-04-06 12:22:08.000;1;HR1;;;"001       ";"          ";py9x61xexj
44;337297347;2021-04-27 11:34:45.000;1;HR1;;;"001       ";ejgsmaawrn;po2pxisrj1
44;337593554;2021-04-15 15:15:38.000;3;ERM;erm3zs02;ip_32;"001       ";fwkvyjwhat;tr0k9z8q57
44;339663388;2021-04-07 14:18:25.000;1;HR1;;;"001       ";ltbvrnliua;lp3k6gq6ox
44;341015668;2021-06-03 09:41:56.000;1;HR1;;;"001       ";ofgsmmimlw;fym3lnv1g2
44;341063967;2021-05-27 18:12:37.000;3;HR1;;;"001       ";rffaycfbop;mjuikdve92
44;341091991;2021-05-12 10:47:56.000;2;ERM;erm3zs02;ip_32;"          ";"          ";qp0sxsftbu
44;342012917;2021-05-24 08:53:17.000;1;HR1;;;"001       ";"          ";q2bu5ovve0
44;342334862;2021-04-19 15:16:24.000;1;HR1;;;"001       ";ctrffmzeow;on62le20z6
44;343344670;2021-04-19 12:11:05.000;1;HR1;;;"001       ";eiylqrgdzk;d2d0tfixlg
44;343853114;2021-05-06 13:35:20.000;1;HR1;;;"001       ";"          ";wcx38uv0r4
44;346040461;2021-05-12 17:19:25.000;3;ERM;erm3zs02;ip_32;"001       ";yovykxmkfh;nqg96f2yh7
44;346678728;2021-06-04 11:06:04.000;1;HR1;;;"001       ";"          ";hueo5yx7zj
44;350073736;2021-05-04 09:34:48.000;1;HR1;;;"001       ";"          ";wyv2sl8m2r
44;350505674;2021-04-28 11:38:32.000;1;ERM;erm3zs02;ip_32;"001       ";hvgcbgqdhn;f9bl6ba2il
44;351753081;2021-04-20 16:59:23.000;3;ERM;erm3zs02;ip_32;"001       ";igjjswhina;xsmlwlovl7
44;352482518;2021-06-23 12:56:18.000;1;HR1;;;"001       ";iqbhqdtowb;snyxemjf9t
44;355261692;2021-05-06 15:52:18.000;3;ERM;erm3zs02;ip_32;"001       ";vkdtmipjpl;i3s6o90zlh
44;355948675;2021-04-20 16:58:56.000;1;HR1;;;"001       ";yztrbsycae;u5joxx5yyc
44;357078819;2021-05-04 09:03:16.000;1;HR1;;;"001       ";shcdbtxzax;y86tv1c6u6
44;357111842;2021-05-06 12:45:59.000;1;HR1;;;"001       ";"          ";uyj13adczk
44;357726743;2021-04-07 14:33:41.000;1;HR1;;;"001       ";"          ";jq65etfvf2
44;357887961;2021-05-28 11:12:08.000;1;HR1;;;"001       ";"          ";hd8ey2lk82
44;359653817;2021-05-04 14:15:28.000;1;HR1;;;"001       ";"          ";mm5c4kwxl3
44;360801956;2021-05-04 18:08:10.000;1;HR1;;;"001       ";"          ";ql6rejejgk
44;367517550;2021-05-06 14:48:21.000;1;HR1;;;"001       ";"          ";cj30xvmeiv
44;369297715;2021-04-07 14:20:41.000;1;HR1;;;"001       ";"          ";mpfyw9k292
44;369405813;2021-06-22 11:04:59.000;1;ERM;erm3zs02;ip_32;"001       ";dldmlybmzw;zxo3jk3hby
44;371397005;2021-06-21 16:50:31.000;3;ERM;erm3zs02;ip_32;"001       ";orajetsfyc;g8htj6lxku
44;371457974;2021-06-24 10:59:10.000;1;ERM;erm3zs02;ip_32;"001       ";rweaqcercn;a99dfnpmki
44;372350443;2021-06-11 10:07:28.000;1;HR1;;;"001       ";jcshfodwkg;clp39siurs
44;373239684;2021-05-04 18:26:50.000;1;HR1;;;"001       ";"          ";mq4et6vp4d
44;375432727;2021-06-04 11:17:24.000;1;HR1;;;"001       ";"          ";tv0pbyzhq7
44;375826248;2021-06-03 12:58:26.000;1;HR1;;;"001       ";"          ";t27l9ugmec
44;376229408;2021-05-24 10:25:09.000;1;ERM;erm3zs02;ip_32;"001       ";alctikzvaz;zizzdgn6or
44;376966426;2021-05-11 15:04:39.000;3;ERM;erm3zs02;ip_32;"001       ";qnanpvkekf;z4372h89bm
44;377300343;2021-06-08 13:17:31.000;3;HR1;;;"001       ";ssxbonwayy;i9rvnbzp9y
44;378217053;2021-06-08 14:38:47.000;1;HR1;;;"001       ";apcysvylkq;sau3ziijhe
44;380459327;2021-04-07 11:08:21.000;1;HR1;;;"001       ";"          ";zpjmugf0r8
44;381360937;2021-05-28 10:21:28.000;1;HR1;;;"001       ";"          ";aunolula9n
44;381887045;2021-04-08 11:07:30.000;1;HR1;;;"001       ";"          ";amv1v62lkp
44;382000585;2021-04-26 10:09:58.000;1;ERM;erm3zs02;ip_32;"001       ";csybngvxxx;cec7a63jbo
44;382153754;2021-05-06 14:48:02.000;1;HR1;;;"001       ";"          ";iur12kex7b
44;383659616;2021-05-06 12:02:19.000;1;HR1;;;"001       ";"          ";cfzvezwv1a
44;384203393;2021-04-26 16:56:45.000;3;HR1;;;"001       ";wydlvmnhsn;jzqhwjnh8a
44;384676572;2021-05-06 10:56:39.000;1;HR1;;;"001       ";"          ";xl2cmg4rqp
44;385589694;2021-06-08 16:39:43.000;1;HR1;;;"001       ";onrwtwqtqy;sftsq83eow
44;386343691;2021-06-08 17:18:29.000;3;HR1;;;"001       ";onrwtwqtqy;w3ky87zxtm
44;389610593;2021-04-15 14:56:22.000;1;HR1;;;"001       ";zzvepqinhs;xbk1bwxk1m
44;391679634;2021-05-27 18:12:36.000;3;ERM;erm3zs02;ip_32;"001       ";hfltiptffk;wl2lg2tkjr
44;392176556;2021-05-06 13:07:20.000;1;HR1;;;"001       ";"          ";g557bhmxrb
44;392752678;2021-05-06 10:56:59.000;1;HR1;;;"001       ";"          ";lcbqb0vlsw
44;393706885;2021-06-22 12:27:06.000;3;HR1;;;"001       ";eohnyspoxi;vznuf86g2v
44;399384143;2021-04-09 14:45:09.000;1;HR1;;;"001       ";oonxjwikto;e0blqjijtw
44;400397520;2021-05-18 15:00:19.000;1;HR1;;;"001       ";wtqospplpx;i3ges6ygc1
44;400943722;2021-05-27 17:24:43.000;3;ERM;erm3zs02;ip_32;"001       ";ksigifikua;wnzatvja71
44;401517703;2021-06-07 15:10:00.000;1;HR1;;;"001       ";"          ";xdsoi6bpjs
44;402339803;2021-06-21 17:44:38.000;3;HR1;;;"001       ";hkolciupnl;iz6v493d2e
44;402691383;2021-06-03 15:37:06.000;1;HR1;;;"001       ";"          ";a5lw24r91u
44;403245097;2021-06-03 11:19:46.000;1;HR1;;;"001       ";"          ";twu03m2qgi
44;403438771;2021-06-15 14:25:10.000;1;ERM;erm3zs02;ip_32;"001       ";csdxggfqah;u9oip12ysn
44;405474422;2021-05-05 13:45:31.000;1;ERM;erm3zs02;ip_32;"001       ";znbhlrsjdj;fu7fmcnisb
44;406037660;2021-06-07 14:06:21.000;1;HR1;;;"001       ";"          ";qvos2gjaje
44;406139211;2021-04-08 12:56:51.000;1;HR1;;;"001       ";"          ";u56nix3uj4
44;406955122;2021-04-26 10:10:01.000;1;HR1;;;"001       ";zknspahzhh;grnwvahz75
44;407791859;2021-05-21 11:05:44.000;1;ERM;erm3zs02;ip_32;"001       ";ffpqwlhwuf;maaw833lhh
44;408359336;2021-06-04 15:07:06.000;3;HR1;;;"001       ";sosdunmgzz;nvid2o4doo
44;408851422;2021-04-09 12:08:09.000;1;HR1;;;"001       ";"          ";cfglwxzh15
44;410251160;2021-04-07 11:25:00.000;1;HR1;;;"001       ";"          ";ncia22vsp8
44;413466712;2021-04-29 11:02:06.000;1;ERM;erm3zs02;ip_32;"001       ";erwwdrgkqk;dxhi9jxq36
44;414834678;2021-05-04 09:03:12.000;1;ERM;erm3zs02;ip_32;"001       ";sbaonsdovy;wgcp3c91hd
44;414884894;2021-06-01 16:11:10.000;1;HR1;;;"001       ";grscnksmbr;l4x0wd14l4
44;415006905;2021-04-02 09:27:46.000;1;HR1;;;"001       ";"          ";mi2c5wpobm
44;416924865;2021-06-01 13:40:54.000;1;HR1;;;"001       ";ttnjnzvydo;ug0uo4y3rj
44;422319440;2021-04-26 14:41:23.000;1;HR1;;;"001       ";ywwrqakzlm;zqljoc4awv
44;424282992;2021-06-18 10:57:08.000;1;ERM;erm3zs02;ip_32;"001       ";nulfagajmx;ojkdnzt81o
44;424567727;2021-04-08 11:41:10.000;1;HR1;;;"001       ";"          ";wxim813hqf
44;426118004;2021-05-24 08:51:32.000;1;HR1;;;"001       ";rgmknqaklj;gsd5hpxo5r
44;426547949;2021-04-14 10:58:55.000;1;ERM;erm3zs02;ip_32;"001       ";hfogglxlzr;uprtvrhofz
44;428640324;2021-06-14 12:35:23.000;1;ERM;erm3zs02;ip_32;"001       ";mziklnszxo;jpr29lcvpt
44;428712614;2021-06-07 12:29:01.000;1;HR1;;;"001       ";"          ";arp3c94oku
44;428747992;2021-05-07 08:43:19.000;1;HR1;;;"001       ";wisolojslb;prvovjrk9w
44;433817660;2021-04-26 14:41:21.000;1;ERM;erm3zs02;ip_32;"001       ";ejzpemstkg;hj36n2qiyh
44;433991497;2021-05-06 09:42:41.000;1;HR1;;;"001       ";"          ";kyuists9kq
44;436313912;2021-04-07 11:08:40.000;1;HR1;;;"001       ";"          ";x5rsay7mig
44;441394563;2021-05-12 14:47:24.000;1;ERM;erm3zs02;ip_32;"001       ";wfznzdeobv;b8wd0ad6vp
44;441439148;2021-04-21 10:56:22.000;1;ERM;erm3zs02;ip_32;"001       ";fdxmqkeepk;zx6kohnnjo
44;441940836;2021-05-03 15:21:12.000;1;HR1;;;"001       ";qqnreveddj;uxupdpzpq9
44;442445289;2021-04-02 08:12:26.000;1;HR1;;;"001       ";"          ";yu346stm1r
44;443854398;2021-06-21 16:34:20.000;3;HR1;;;"001       ";olqiojmkiq;rllubisjnx
44;444184690;2021-04-28 11:06:54.000;1;ERM;erm3zs02;ip_32;"001       ";gksufxdtml;nd8wvwmwa0
44;444810806;2021-05-20 14:45:06.000;1;HR1;;;"001       ";pxtgsinhfs;hovljjl3sm
44;446112000;2021-04-16 08:58:47.000;1;HR1;;;"001       ";cttuergtjv;xva59wnr6q
44;446262345;2021-05-04 15:31:29.000;1;HR1;;;"001       ";"          ";f4bnrrmysd
44;446484266;2021-04-13 10:14:51.000;1;ERM;erm3zs02;ip_32;"001       ";vxkjtszsnw;vrifkncx4o
44;446713875;2021-06-07 13:50:00.000;1;HR1;;;"001       ";"          ";kbhmvfnsha
44;448281056;2021-05-12 16:08:29.000;3;ERM;erm3zs02;ip_32;"001       ";bezggrcuva;diun6sn5pc
44;452498317;2021-05-17 10:37:09.000;3;ERM;erm3zs02;ip_32;"001       ";zuhuljgyxp;jeqvmyhiyy
44;455789405;2021-04-07 11:51:00.000;1;HR1;;;"001       ";"          ";lanq3piw53
44;457132827;2021-04-15 17:07:33.000;1;ERM;erm3zs02;ip_32;"001       ";bckvvcammk;cwctygpv33
44;459763613;2021-06-15 14:33:45.000;3;ERM;erm3zs02;ip_32;"001       ";csdxggfqah;dqvzd6ju0c
44;459987417;2021-04-15 17:13:30.000;1;HR1;;;"001       ";"          ";vz493qr8lg
44;460167326;2021-04-20 17:53:44.000;1;HR1;;;"001       ";epeyhcgnyc;i7yorhvcus
44;460212055;2021-06-08 16:17:06.000;1;HR1;;;"001       ";texyvcmnqf;le9gqswkbr
44;461695936;2021-04-08 11:09:50.000;1;HR1;;;"001       ";"          ";qu6w4ul9hg
44;462546143;2021-04-02 08:52:26.000;1;HR1;;;"001       ";"          ";gn6heo5q5o
44;463965078;2021-05-12 15:07:55.000;3;HR1;;;"001       ";fakbqcybjc;e84nwm3029
44;465293085;2021-04-13 08:53:17.000;1;HR1;;;"001       ";ylbcaerhts;lq5i7vwh5h
44;465475187;2021-04-06 15:31:09.000;1;HR1;;;"001       ";"          ";x8m694ebxv
44;470274384;2021-05-11 10:49:51.000;3;ERM;erm3zs02;ip_32;"001       ";bplbwwwwxc;cncovn761p
44;471027380;2021-04-20 11:25:16.000;1;HR1;;;"001       ";nwotamerou;sdo71o75gr
44;471185322;2021-04-02 09:51:46.000;1;HR1;;;"001       ";"          ";yxowtdkdah
44;475823361;2021-04-20 17:59:11.000;3;ERM;erm3zs02;ip_32;"001       ";iwmhrkdbvd;ay85upv5gi
44;475989561;2021-06-07 15:09:20.000;1;HR1;;;"001       ";"          ";d7wy64odwh
44;478303245;2021-05-12 16:12:29.000;1;HR1;;;"001       ";wtlqydglnx;pp670oerwg
44;478690162;2021-06-22 09:11:04.000;1;HR1;;;"001       ";tiewugywww;ye84zbv4cv
44;478701938;2021-04-29 14:23:19.000;1;HR1;;;"001       ";"          ";nteq348ygb
44;482532445;2021-05-06 09:58:39.000;1;HR1;;;"001       ";"          ";uzjueme0w5
44;483089656;2021-06-03 09:41:53.000;1;ERM;erm3zs02;ip_32;"001       ";grmzqoewmo;aplz6k5u2r
44;484515989;2021-05-04 13:55:09.000;1;HR1;;;"001       ";"          ";kaev0yavvw
44;484597419;2021-06-03 11:43:45.000;1;HR1;;;"001       ";"          ";f18fvt5y5h
44;484746680;2021-05-12 15:07:55.000;3;ERM;erm3zs02;ip_32;"001       ";wfznzdeobv;a9mfbe9rmo
44;485017236;2021-06-04 11:13:04.000;1;HR1;;;"001       ";"          ";k4a9zl9lzl
44;485171560;2021-05-18 08:04:53.000;1;ERM;erm3zs02;ip_32;"001       ";ulrkkehlws;c1qtgg00wo
44;485778887;2021-04-08 11:05:50.000;1;HR1;;;"001       ";"          ";lzmcb9gvf2
44;486432548;2021-06-28 09:56:04.000;1;ERM;erm3zs02;ip_90;"001       ";xvcpqqceot;elbugaz024
44;488924097;2021-06-07 14:56:40.000;1;HR1;;;"001       ";"          ";dx4wm47i8a
44;492193677;2021-06-04 10:51:44.000;1;HR1;;;"001       ";"          ";cvelp2rp2n
44;492772138;2021-04-13 12:23:58.000;1;ERM;erm3zs02;ip_32;"001       ";pscdidqims;wui3899mgh
44;493707429;2021-06-01 17:49:20.000;3;HR1;;;"001       ";grscnksmbr;heag6rrpva
44;494855394;2021-06-04 10:02:25.000;1;HR1;;;"001       ";"          ";auxh790fr7
44;495304253;2021-04-01 15:06:33.000;1;ERM;erm3zs02;ip_32;"001       ";zbktxhbkgs;zmp6sxr67c
44;495343867;2021-04-07 17:17:53.000;3;HR1;;;"001       ";ltbvrnliua;nf1hp2x1mv
44;495824386;2021-04-27 11:50:31.000;1;HRC;;;"001       ";okbyyetgpv;hpk7babtdz
44;495994670;2021-05-11 16:13:11.000;1;HR1;;;"001       ";hlxsehvdiy;p0963kzjit
44;498107727;2021-06-08 13:17:31.000;3;ERM;erm3zs02;ip_32;"001       ";omvzcvskvs;kzsts17gzd
44;499944500;2021-04-20 09:20:38.000;1;HR1;;;"001       ";lxiuwybkcw;cqf45p87ev
44;500214428;2021-06-11 12:10:45.000;3;HR1;;;"001       ";yxahrdelgp;j53kzfoxul
44;500599985;2021-04-19 08:49:12.000;2;ERM;erm3zs02;ip_91;"          ";"          ";l7ije67o2r
44;500651730;2021-05-03 10:00:52.000;1;HR1;;;"001       ";"          ";cbq6egpjw5
44;500773158;2021-05-10 11:05:34.000;1;HR1;;;"001       ";yhopgyzuug;vhw9iucf39
44;501125491;2021-05-25 11:14:34.000;1;HR1;;;"001       ";dpiwkhylrq;fwvdcus6l1
44;501409178;2021-04-26 11:56:15.000;1;HRC;;;"001       ";bttibpshee;mavs93qkt8
44;501968179;2021-04-27 11:50:33.000;1;HRW;;;"001       ";gqoxzewply;tzme48k20y
44;501975138;2021-05-10 16:13:47.000;1;ERM;erm3zs02;ip_32;"001       ";dulvgfafsh;bu62dtindu
44;504532297;2021-04-07 11:02:00.000;1;HR1;;;"001       ";"          ";zq0cxrw9qp
44;505480251;2021-06-28 12:04:25.000;1;HR1;;;"001       ";tzxdnxxqpw;n0jbccjep9
44;507192805;2021-06-11 13:44:38.000;1;HR1;;;"001       ";tmrphhhjgf;zt78bzat00
44;509411492;2021-04-09 09:16:20.000;3;HR1;;;"001       ";qrcwnaqvsz;e0r12m6cbr
44;511802990;2021-04-07 11:08:00.000;1;HR1;;;"001       ";"          ";kn9q5g2nzp
44;515101363;2021-05-05 13:45:34.000;1;HR1;;;"001       ";npeyrlgkwo;xc1esrbad6
44;515508149;2021-06-08 13:12:57.000;1;ERM;erm3zs02;ip_32;"001       ";omvzcvskvs;d8j0noldvu
44;516098969;2021-04-21 12:54:20.000;1;HR1;;;"001       ";"          ";w36kr8wa8c
44;516186781;2021-04-22 15:15:40.000;3;HR1;;;"001       ";rffhkzayow;lb0eelfmph
44;519533313;2021-04-28 15:10:28.000;3;ERM;erm3zs02;ip_32;"001       ";klgioqotsh;fo53fpmbtz
44;520586689;2021-05-06 09:21:19.000;1;HR1;;;"001       ";"          ";bfjcqrkcnc
44;521154589;2021-05-12 14:01:42.000;3;ERM;erm3zs02;ip_32;"001       ";itzuryhucn;qqqfbq6d5u
44;521241756;2021-05-06 09:52:20.000;1;HR1;;;"001       ";"          ";rrwvuwps6j
44;522459256;2021-04-28 10:34:33.000;3;HR1;;;"001       ";axtpchipqw;mbujh8120y
44;522540601;2021-04-14 15:57:45.000;1;HR1;;;"001       ";"          ";v2ubwzcs8e
44;523943340;2021-05-05 10:45:59.000;1;HR1;;;"001       ";"          ";towjayqytj
44;524328798;2021-06-07 13:58:20.000;1;HR1;;;"001       ";"          ";pj4roziynk
44;526804986;2021-06-04 09:21:34.000;1;ERM;erm3zs02;ip_32;"001       ";sukceigxzs;o9s99ceml0
44;527845893;2021-06-11 10:41:14.000;3;HR1;;;"001       ";jcshfodwkg;wqgjnusb5d
44;529069500;2021-04-02 08:46:26.000;1;HR1;;;"001       ";"          ";dwotv2gwec
44;530385704;2021-05-26 13:54:19.000;3;ERM;erm3zs02;ip_32;"001       ";oquxclsklf;q8wxvclbf8
44;531732820;2021-06-08 09:18:12.000;1;HR1;;;"001       ";"          ";dvbcya7szz
44;532992695;2021-04-07 16:00:41.000;1;HR1;;;"001       ";"          ";paw0y88m28
44;533627927;2021-04-07 12:13:00.000;1;HR1;;;"001       ";"          ";bhl5agly6j
44;536300768;2021-04-28 13:59:09.000;1;ERM;erm3zs02;ip_32;"001       ";klgioqotsh;jvnpg6nx9t
44;538256880;2021-06-03 12:20:25.000;1;HR1;;;"001       ";"          ";p9mmexydq4
44;538864788;2021-04-07 11:04:21.000;1;HR1;;;"001       ";"          ";li9zpyiynz
44;541319980;2021-04-14 15:51:14.000;1;ERM;erm3zs02;ip_32;"001       ";bjizfflupo;w5gx79y1z0
44;542120821;2021-04-07 11:09:20.000;1;HR1;;;"001       ";"          ";jnqihustqn
44;543452350;2021-05-06 13:08:40.000;1;HR1;;;"001       ";"          ";rc6hzgvfny
44;544180984;2021-06-03 10:58:05.000;1;HR1;;;"001       ";"          ";b9o8lxphhi
44;545211681;2021-05-13 14:48:10.000;3;ERM;erm3zs02;ip_32;"001       ";otnebbhyvz;iq1bx81tp3
44;545747859;2021-06-16 14:23:45.000;1;ERM;erm3zs02;ip_32;"001       ";qqudjbemgm;up8i90gxz0
44;548514448;2021-06-07 11:57:39.000;1;HR1;;;"001       ";"          ";zz5nd7092t
44;550422641;2021-05-04 12:24:26.000;1;ERM;erm3zs02;ip_32;"001       ";jluhabofqk;ntvndlpkzp
44;550432085;2021-03-31 15:08:47.000;1;HR1;;;"001       ";epklscxqdy;i69izllgeg
44;555407786;2021-06-21 13:46:58.000;1;HR1;;;"001       ";hqhdilfzai;b2fmjcj7sg
44;555844951;2021-06-15 11:55:59.000;1;HR1;;;"001       ";lvkvgdblps;hkugic1h8d
44;559056318;2021-05-11 14:58:51.000;1;ERM;erm3zs02;ip_32;"001       ";qnanpvkekf;pgeoq856wh
44;560458424;2021-06-28 12:03:58.000;3;HR1;;;"001       ";jwznpdgwim;axgyroybfk
44;560893588;2021-04-29 11:53:40.000;3;HR1;;;"001       ";bdcauajdbi;czxm2bsrl3
44;562101009;2021-04-08 11:38:10.000;1;HR1;;;"001       ";"          ";ozh8u8tqo8
44;564818491;2021-06-04 10:24:25.000;1;HR1;;;"001       ";"          ";yj34akp35s
44;567805656;2021-04-06 09:31:47.000;1;HR1;;;"001       ";"          ";rmaasrrbhl
44;568791553;2021-04-07 15:10:01.000;1;HR1;;;"001       ";"          ";kfrt7dj5j7
44;568918602;2021-03-31 09:45:38.000;1;HR1;;;"001       ";ovfmjdewth;icovqrc1d6
44;569237929;2021-06-07 11:18:39.000;1;HR1;;;"001       ";"          ";xgqruux953
44;569989952;2021-06-04 13:53:05.000;1;ERM;erm3zs02;ip_32;"001       ";yiozvylbwf;umtnwh5oio
44;570390450;2021-06-03 10:51:45.000;1;HR1;;;"001       ";"          ";mtf0dfbcut
44;572872018;2021-04-07 12:11:40.000;1;HR1;;;"001       ";"          ";q3e1lgwy71
44;573595516;2021-05-04 13:49:41.000;1;ERM;erm3zs02;ip_32;"001       ";wozpepwpze;s16pmtnr0s
44;576391843;2021-05-03 11:24:27.000;1;ERM;erm3zs02;ip_32;"001       ";qqpnjcaucv;w9hitz2q8x
44;576898265;2021-04-27 12:11:08.000;3;ERM;erm3zs02;ip_32;"001       ";qnqiroccvq;s4v82jguoy
44;577094179;2021-05-14 10:34:55.000;1;HR1;;;"001       ";syabqywpyv;y1gjkew1vp
44;577583183;2021-06-08 09:31:52.000;1;HR1;;;"001       ";"          ";xov0jh5gyt
44;578460248;2021-04-15 15:15:39.000;3;HR1;;;"001       ";zzvepqinhs;e8at7lehun
44;579986114;2021-05-06 09:22:39.000;1;HR1;;;"001       ";"          ";k57le4nrlq
44;581144894;2021-05-27 10:48:52.000;3;ERM;erm3zs02;ip_32;"001       ";qktpkhqtqh;osrj22b2k6
44;582483837;2021-06-04 10:24:24.000;1;HR1;;;"001       ";"          ";m15jqm86m9
44;584318565;2021-05-12 17:19:26.000;3;HR1;;;"001       ";wtlqydglnx;qc26088ebg
44;584668025;2021-04-23 13:51:55.000;1;HR1;;;"001       ";rkknpdsbme;wfmpnpfff5
44;585887064;2021-06-21 16:50:32.000;3;HR1;;;"001       ";bglbbfsxbz;adszzt5vhr
44;587669179;2021-04-07 09:13:43.000;1;ERM;erm3zs02;ip_32;"001       ";gwlevcnlaj;kzz4biijcc
44;588082977;2021-06-24 17:27:43.000;3;ERM;erm3zs02;ip_32;"001       ";rxfagezgij;byy7t80dvd
44;588325841;2021-04-08 14:43:05.000;1;HR1;;;"001       ";wtkcfntleu;far8x6l6i8
44;589148961;2021-05-21 13:57:46.000;1;ERM;erm3zs02;ip_32;"001       ";qjbazyviwc;v9lcuk1cxe
44;591818454;2021-04-23 11:21:52.000;3;HR1;;;"001       ";hyaacjgcah;x6ia8hoinj
44;594965645;2021-06-08 09:20:52.000;1;HR1;;;"001       ";"          ";ujr95jmyc6
44;595187583;2021-04-21 10:21:44.000;3;ERM;erm3zs02;ip_32;"001       ";xaejbseabt;wllh6hrd3n
44;595407371;2021-05-24 10:31:18.000;1;HR1;;;"001       ";"          ";xifggl1xk7
44;596510059;2021-05-27 17:24:44.000;3;HR1;;;"001       ";jjsrexuxcb;id4gww6uth
44;596850967;2021-06-22 11:12:46.000;3;ERM;erm3zs02;ip_32;"001       ";dldmlybmzw;e969kjdoep
44;597229683;2021-05-27 18:12:03.000;1;ERM;erm3zs02;ip_32;"001       ";hfltiptffk;d4cm0f0rc3
44;597493323;2021-06-04 10:03:24.000;1;HR1;;;"001       ";"          ";rz6984240c
44;600357685;2021-04-08 14:45:58.000;3;ERM;erm3zs02;ip_32;"001       ";fghodsalnd;hkwvjidsh4
44;601027444;2021-04-26 11:56:16.000;1;HRW;;;"001       ";mntbeppjee;bnd8s2u6zz
44;605426127;2021-06-01 17:49:19.000;3;ERM;erm3zs02;ip_32;"001       ";qlrakpzofa;ocj33cgykj
44;607745417;2021-04-27 10:22:50.000;3;HR1;;;"001       ";nnjtdmsnjq;xj13csrdlk
44;607849673;2021-06-10 12:31:19.000;3;ERM;erm3zs02;ip_32;"001       ";vatdocafbn;z4vb5poeqy
44;608300674;2021-04-07 09:13:46.000;1;HR1;;;"001       ";eusnrtdkyd;a45ust3j2y
44;610127706;2021-04-06 15:19:28.000;1;HR1;;;"001       ";"          ";ifllydojtn
44;610481771;2021-05-04 18:40:09.000;1;HR1;;;"001       ";"          ";qpx1dowo3x
44;612392844;2021-04-27 10:22:50.000;3;ERM;erm3zs02;ip_32;"001       ";nijiggkrfz;iorp989prb
44;612646303;2021-04-20 09:20:35.000;1;ERM;erm3zs02;ip_32;"001       ";hihpgvonic;whpnjxebjp
44;613339910;2021-06-07 11:17:40.000;1;HR1;;;"001       ";"          ";ilmq7a3utm
44;614741866;2021-04-07 14:18:22.000;1;ERM;erm3zs02;ip_32;"001       ";qqawdkywqi;gfruiic5is
44;615238709;2021-05-04 12:39:48.000;1;HR1;;;"001       ";"          ";pim9pcp3oa
44;617744066;2021-04-06 10:13:27.000;1;HR1;;;"001       ";"          ";c5cuxeqtgf
44;618467387;2021-04-27 16:20:05.000;1;ERM;erm3zs02;ip_32;"001       ";fjroezhjfw;ki5ejrfeys
44;618763017;2021-05-15 11:20:16.000;2;ERM;erm3zs02;ip_32;"          ";"          ";s5f5j4nunz
44;619862480;2021-04-14 09:29:47.000;1;HR1;;;"001       ";qikopbnsly;daasza4ubz
44;620019825;2021-06-04 10:00:04.000;1;HR1;;;"001       ";"          ";z3g9jucdcp
44;620620620;2021-05-19 09:07:30.000;1;HR1;;;"001       ";"          ";r3jbe9zpyj
44;620641747;2021-05-07 09:14:40.000;2;ERM;erm3zs02;ip_32;"          ";"          ";rm2obeq9uo
44;622422227;2021-04-29 14:24:19.000;1;HR1;;;"001       ";"          ";xy231j8oas
44;623729301;2021-06-22 10:00:15.000;3;ERM;erm3zs02;ip_32;"001       ";bagyagxblu;eot2breu3p
44;624026565;2021-05-12 09:34:19.000;1;ERM;erm3zs02;ip_32;"001       ";yatrawlbao;mmxnc5os0h
44;624140530;2021-04-08 11:44:30.000;1;HR1;;;"001       ";"          ";a4rudifc1l
44;624514212;2021-06-07 11:32:00.000;1;HR1;;;"001       ";"          ";esve1zz8sg
44;625006381;2021-04-06 08:12:27.000;1;HR1;;;"001       ";"          ";eycj1y3fi2
44;625132546;2021-04-06 13:30:24.000;1;ERM;erm3zs02;ip_32;"001       ";vwzfpcbjlh;hte0f4e019
44;626040176;2021-04-14 17:35:38.000;1;HR1;;;"001       ";lcjjxrwqyi;tm78qvlmzs
44;626143604;2021-05-03 16:48:53.000;1;HR1;;;"001       ";"          ";y0g9vw9p6q
44;626595422;2021-05-06 13:03:40.000;1;HR1;;;"001       ";"          ";ehhoefhz81
44;632738822;2021-05-06 13:35:00.000;1;HR1;;;"001       ";"          ";ngepnl1mvk
44;632791705;2021-05-12 16:12:27.000;1;ERM;erm3zs02;ip_32;"001       ";yovykxmkfh;kf0xcwkfje
44;633774280;2021-05-03 11:24:34.000;1;HR1;;;"001       ";ihbxqxmref;k2g1f9tw86
44;633860557;2021-05-13 14:44:45.000;1;ERM;erm3zs02;ip_32;"001       ";otnebbhyvz;jer9q2kaxv
44;635858812;2021-04-15 17:07:36.000;1;HR1;;;"001       ";rowmmtkuxr;sziu03e3e1
44;637149692;2021-06-24 17:09:42.000;1;HR1;;;"001       ";zxtmywdjjy;pohs53bohg
44;637182363;2021-04-08 12:17:11.000;1;HR1;;;"001       ";"          ";uxoc8mixfo
44;637318196;2021-05-05 15:47:00.000;1;HR1;;;"001       ";"          ";dnu3f2yxxe
44;637821351;2021-06-21 16:44:38.000;1;ERM;erm3zs02;ip_32;"001       ";orajetsfyc;ck9m85s1xd
44;637882051;2021-04-06 10:57:28.000;1;HR1;;;"001       ";"          ";bomg2pzz4a
44;639099517;2021-04-07 16:13:41.000;1;HR1;;;"001       ";"          ";eeruye25zq
44;642669739;2021-04-20 09:40:34.000;1;HR1;;;"001       ";"          ";jmozo6dnl7
44;646017169;2021-05-17 14:56:22.000;1;ERM;erm3zs02;ip_32;"001       ";mcgecvhkmp;lowvugu52u
44;646566957;2021-04-07 10:06:20.000;1;HR1;;;"001       ";"          ";ezs3rk99fc
44;648844360;2021-05-12 16:08:29.000;3;HR1;;;"001       ";fkjitpxjgv;a8cnr7v8dn
44;648979198;2021-04-07 14:26:01.000;1;HR1;;;"001       ";"          ";ot2wphpefy
44;649899216;2021-04-14 10:58:57.000;1;HR1;;;"001       ";llqtxwbmpt;s3ci3j7ycn
44;650587104;2021-04-07 10:06:00.000;1;HR1;;;"001       ";"          ";mtucevp4bi
44;650689349;2021-06-21 17:15:09.000;1;HR1;;;"001       ";hkolciupnl;g2w2feaxyr
44;651872787;2021-06-10 14:03:52.000;3;ERM;erm3zs02;ip_32;"001       ";vshavicbir;il53rz5nc4
44;654002873;2021-05-13 14:48:53.000;1;HR1;;;"001       ";xjeiljebiw;maurbu1tqd
44;654433277;2021-05-21 13:54:19.000;3;HR1;;;"001       ";nvhppgcqri;lwk916rjgt
44;655275955;2021-04-06 08:11:47.000;1;HR1;;;"001       ";"          ";qw4ajwj0ww
44;656368383;2021-04-14 15:57:27.000;1;HR1;;;"001       ";"          ";sy6zd1e3dp
44;656727437;2021-05-04 12:24:15.000;3;ERM;erm3zs02;ip_32;"001       ";sbaonsdovy;lejpeujv7f
44;656931952;2021-05-03 15:21:06.000;1;ERM;erm3zs02;ip_32;"001       ";nrggdcyqmp;z78x8rlwg6
44;658707430;2021-04-08 11:32:51.000;1;HR1;;;"001       ";"          ";fwlxlbwbuh
44;660202679;2021-06-28 14:17:02.000;1;ERM;erm3zs02;ip_32;"001       ";kvteysgtxt;hbo5yxdfrn
44;664619754;2021-04-02 10:00:46.000;1;HR1;;;"001       ";"          ";zunfxbeh5r
44;664982616;2021-05-06 11:54:39.000;1;HR1;;;"001       ";"          ";j3wxzspxst
44;666118388;2021-05-06 13:36:20.000;1;HR1;;;"001       ";"          ";t5ir9r9nwg
44;667412793;2021-03-31 10:52:36.000;3;ERM;erm3zs02;ip_32;"001       ";nqyqhupeee;s921qlre6m
44;667558472;2021-06-09 10:48:55.000;1;HR1;;;"001       ";dklrnmhstx;rk0cbywlkw
44;670928457;2021-04-08 11:42:50.000;1;HR1;;;"001       ";"          ";u6evgdov0a
44;674077442;2021-06-04 09:41:04.000;1;HR1;;;"001       ";"          ";lguic2z7mv
44;676650026;2021-06-08 16:17:01.000;1;ERM;erm3zs02;ip_32;"001       ";higjvysdwh;piyb9xme17
44;676940638;2021-04-20 11:25:13.000;1;ERM;erm3zs02;ip_32;"001       ";hrxeroksti;ur6spsblmk
44;679184233;2021-06-21 14:55:28.000;3;ERM;erm3zs02;ip_32;"001       ";nabsteypuv;kn081wjbsi
44;680609127;2021-06-07 14:05:00.000;1;HR1;;;"001       ";"          ";zf7p3sg33l
44;681493747;2021-05-15 11:21:06.000;3;ERM;erm3zs02;ip_32;"001       ";jwzwzjgagb;a9q193p6cd
44;685307326;2021-05-15 11:20:34.000;1;HR1;;;"001       ";dgtlinntzq;je3blfxenb
44;686446190;2021-04-07 17:27:29.000;3;ERM;erm3zs02;ip_32;"001       ";voailexyor;bxdd22pzgm
44;686996929;2021-05-06 11:54:59.000;1;HR1;;;"001       ";"          ";j7ckvo4zkc
44;687693043;2021-05-17 10:21:08.000;1;ERM;erm3zs02;ip_32;"001       ";zuhuljgyxp;h7schnpf3h
44;689820912;2021-06-28 14:17:05.000;1;HR1;;;"001       ";mauroijbop;nwwwhp5oox
44;690530299;2021-05-14 14:38:37.000;1;HR1;;;"001       ";sufwjjziun;sowzpmjtjv
44;690929441;2021-05-06 11:55:19.000;1;HR1;;;"001       ";"          ";lp1av48241
44;690978868;2021-05-03 09:35:12.000;1;HR1;;;"001       ";"          ";wq81579wzd
44;691254416;2021-05-04 14:33:29.000;1;HR1;;;"001       ";"          ";xpqdwjxzrd
44;691558823;2021-06-07 12:00:19.000;1;HR1;;;"001       ";"          ";u7cliptiov
44;696879124;2021-05-04 12:24:29.000;1;HR1;;;"001       ";mreymgvyfk;ylqdcodsuv
44;697795487;2021-04-28 15:32:30.000;1;ERM;erm3zs02;ip_32;"001       ";omngukymlv;evsprhhyx8
44;698811443;2021-04-07 17:25:06.000;1;ERM;erm3zs02;ip_32;"001       ";voailexyor;n4aolkzszm
44;699251767;2021-06-04 15:07:05.000;3;ERM;erm3zs02;ip_32;"001       ";yiozvylbwf;cyoq8fk4s6
44;699368645;2021-06-11 12:10:44.000;3;ERM;erm3zs02;ip_32;"001       ";khjplkmetn;gw5fx67jo4
44;701450796;2021-06-11 11:49:21.000;1;HR1;;;"001       ";yxahrdelgp;w4m9jyoiyn
44;703451937;2021-04-19 12:40:47.000;2;ERM;erm3zs02;ip_32;"          ";"          ";nhnwf18lky
44;705957977;2021-04-07 10:02:41.000;1;HR1;;;"001       ";"          ";k93ut5i6fg
44;706958279;2021-04-13 18:08:48.000;1;ERM;erm3zs02;ip_32;"001       ";tsbkwzbpoo;dvf91nnueh
44;707442818;2021-04-07 11:07:40.000;1;HR1;;;"001       ";"          ";e62jkp4emx
44;707493669;2021-04-09 12:18:29.000;1;HR1;;;"001       ";"          ";dv5fyp2jsv
44;709831359;2021-06-07 14:06:20.000;1;HR1;;;"001       ";"          ";zchhqq0r2i
44;715876259;2021-05-27 16:52:03.000;1;HR1;;;"001       ";"          ";c1pp4duvwz
44;715908542;2021-04-15 17:32:03.000;3;ERM;erm3zs02;ip_32;"001       ";bckvvcammk;s8j82uvghb
44;716223910;2021-04-07 10:06:40.000;1;HR1;;;"001       ";"          ";zchnuonxat
44;716846705;2021-06-28 09:56:37.000;3;HR1;;;"001       ";firzcewban;o971l2ua1e
44;717128988;2021-05-26 13:09:53.000;1;ERM;erm3zs02;ip_32;"001       ";oquxclsklf;c8857pmxsz
44;717917275;2021-05-05 09:33:41.000;1;HR1;;;"001       ";aglchpydsf;oppe6f8pwh
44;717999436;2021-04-07 15:52:01.000;1;HR1;;;"001       ";"          ";u0cc3o6pet
44;718540048;2021-06-28 09:56:10.000;1;HR1;;;"001       ";firzcewban;lxtt25mqrq
44;718673635;2021-06-07 10:43:40.000;1;HR1;;;"001       ";"          ";tgphbmogry
44;719929524;2021-05-14 14:41:15.000;3;HR1;;;"001       ";sufwjjziun;mqlbb0maqw
44;720400808;2021-05-25 12:20:09.000;3;ERM;erm3zs02;ip_32;"001       ";efeelqpkec;s7eqajuka6
44;721930261;2021-05-14 14:41:14.000;3;ERM;erm3zs02;ip_32;"001       ";urlwqlezcz;ogc4cidov7
44;722492636;2021-05-03 08:40:46.000;1;HR1;;;"001       ";nwvshkfhoy;on4z0epoax
44;725253034;2021-05-06 09:18:21.000;1;HR1;;;"001       ";upnlgntxfw;e12feqzq8o
44;725456827;2021-04-19 12:10:16.000;1;ERM;erm3zs02;ip_32;"001       ";zlshvusvia;wwkyl3szqo
44;725999709;2021-05-10 14:52:17.000;3;ERM;erm3zs02;ip_32;"001       ";ijqzdzrgbi;rncsfzfjv5
44;728444714;2021-05-10 14:44:26.000;1;HR1;;;"001       ";ipzgjaxdak;na3uatvovt
44;729021546;2021-05-03 16:48:06.000;1;ERM;erm3zs02;ip_32;"001       ";txfbvkldyq;nsi3ebsqef
44;732238590;2021-04-08 11:08:30.000;1;HR1;;;"001       ";"          ";t9oy1n0pq3
44;732244153;2021-06-15 14:25:13.000;1;HR1;;;"001       ";jykwffbsgz;hz31muzmjg
44;732485811;2021-06-04 13:53:08.000;1;HR1;;;"001       ";sosdunmgzz;lyi4pt6qck
44;733349217;2021-04-29 12:03:27.000;1;ERM;erm3zs02;ip_32;"001       ";doewjawqvo;dmdkyzpw0q
44;735336493;2021-04-27 10:13:16.000;1;HR1;;;"001       ";nnjtdmsnjq;xydanq2ney
44;735512793;2021-06-11 10:41:13.000;3;ERM;erm3zs02;ip_32;"001       ";fmsrxghikq;wur8lhak6r
44;736487499;2021-05-15 11:21:07.000;3;HR1;;;"001       ";dgtlinntzq;hedhm9swmq
44;738319977;2021-06-21 13:46:56.000;1;ERM;erm3zs02;ip_32;"001       ";nabsteypuv;e5a8kw8u6a
44;739612664;2021-05-19 09:04:49.000;1;HR1;;;"001       ";zgthicksmt;s00614006i
44;740399178;2021-05-11 14:58:54.000;1;HR1;;;"001       ";xqqlucgpql;ea9uv1ce72
44;740756210;2021-04-01 15:06:35.000;1;HR1;;;"001       ";gcuhvdsbkf;brolkqa59i
44;741872977;2021-06-07 14:04:00.000;1;HR1;;;"001       ";"          ";a3n0ztot5u
44;742509842;2021-06-03 12:58:27.000;1;HR1;;;"001       ";"          ";r2rf6a4vq8
44;742764772;2021-06-21 14:55:29.000;3;HR1;;;"001       ";hqhdilfzai;zg5tzjd4en
44;748525195;2021-05-12 15:07:59.000;1;ERM;erm3zs02;ip_32;"001       ";bezggrcuva;t2kumj26qi
44;748708102;2021-04-21 11:25:01.000;1;HR1;;;"001       ";glhlstpwqg;kqvz4ojo4p
44;749033644;2021-03-31 15:08:44.000;1;ERM;erm3zs02;ip_32;"001       ";znwmsmxrdv;lg10pgfdtv
44;750944772;2021-04-22 15:04:29.000;1;ERM;erm3zs02;ip_32;"001       ";oajmdoverj;yhkw9wtmpj
44;751113342;2021-06-08 16:39:40.000;1;ERM;erm3zs02;ip_32;"001       ";peofyufoev;mm2z7hjxb5